Gen Num , Highest Fitness, Average Fitness, Population Size: 40
0 , 0.000000 , 0.000000 , 0
1 , 599.888428 , 19.866875 , 1
2 , 599.888428 , 374.276031 , 24
