Gen Num , Highest Fitness, Average Fitness, Population Size: 100
0 , 1000.000000 , 1000.000000 , 100
1 , 1000.000000 , 1000.000000 , 100
