Gen Num , Highest Fitness, Average Fitness, Population Size: 100
0 , 0.000000 , 0.000000 , 0
1 , 100.000000 , 4.000000 , 4
2 , 100.000000 , 97.000000 , 97
