Gen Num , Highest Fitness, Average Fitness, Population Size: 100
0 , 0.000000 , 0.000000 , 0
1 , 100.000000 , 6.000000 , 6
2 , 100.000000 , 94.000000 , 94
