Gen Num , Highest Fitness, Average Fitness, Population Size: 100
0 , 0.000000 , 0.000000 , 0
1 , 100.000000 , 10.000000 , 10
2 , 100.000000 , 90.000000 , 90
