Gen Num , Highest Fitness, Average Fitness, Population Size: 2000
0 , 0.000000 , 0.000000 , 0
1 , 0.000000 , 0.000000 , 0
2 , 0.000000 , 0.000000 , 0
