Gen Num , Highest Fitness, Average Fitness, Population Size: 300
0 , 0.000000 , 0.000000 , 0
1 , 0.000000 , 0.000000 , 0
2 , 0.000000 , 0.000000 , 0
3 , 100.000000 , 0.333333 , 1
4 , 100.000000 , 16.666666 , 50
5 , 100.000000 , 17.000000 , 51
6 , 100.000000 , 15.333333 , 46
7 , 100.000000 , 21.333334 , 64
8 , 100.000000 , 15.666667 , 47
