Gen Num , Highest Fitness, Average Fitness, Population Size: 120
0 , 0.000000 , 0.000000 , 0
1 , 0.000000 , 0.000000 , 0
2 , 0.000000 , 0.000000 , 0
3 , 0.000000 , 0.000000 , 0
4 , 0.000000 , 0.000000 , 0
5 , 0.000000 , 0.000000 , 0
6 , 0.000000 , 0.000000 , 0
7 , 0.000000 , 0.000000 , 0
8 , 0.000000 , 0.000000 , 0
9 , 0.000000 , 0.000000 , 0
10 , 0.000000 , 0.000000 , 0
11 , 87.890625 , 0.732422 , 0
12 , 87.890625 , 1.220703 , 0
13 , 598.307251 , 9.954154 , 2
14 , 0.000000 , 0.000000 , 0
15 , 597.981750 , 5.406358 , 1
16 , 598.144470 , 386.493591 , 77
17 , 598.958374 , 351.495972 , 69
18 , 598.958374 , 496.675568 , 99
