Gen Num , Highest Fitness, Average Fitness, Population Size: 200
0 , 0.000000 , 0.000000 , 0
1 , 0.000000 , 0.000000 , 0
2 , 0.000000 , 0.000000 , 0
3 , 0.000000 , 0.000000 , 0
4 , 0.000000 , 0.000000 , 0
5 , 0.000000 , 0.000000 , 0
6 , 100.000000 , 0.500000 , 1
7 , 100.000000 , 83.000000 , 166
8 , 100.000000 , 92.500000 , 185
