Gen Num , Highest Fitness, Average Fitness, Population Size: 300
0 , 0.000000 , 0.000000 , 0
1 , 0.000000 , 0.000000 , 0
2 , 0.000000 , 0.000000 , 0
3 , 0.000000 , 0.000000 , 0
4 , 100.000000 , 0.333333 , 1
5 , 100.000000 , 24.000000 , 72
6 , 100.000000 , 26.333334 , 79
7 , 100.000000 , 28.333334 , 85
8 , 100.000000 , 21.666666 , 65
