Gen Num , Highest Fitness, Average Fitness, Population Size: 100
0 , 0.000000 , 0.000000 , 0
1 , 0.000000 , 0.000000 , 0
2 , 0.000000 , 0.000000 , 0
3 , 100.000000 , 1.000000 , 1
4 , 100.000000 , 74.000000 , 74
5 , 100.000000 , 93.000000 , 93
