Gen Num , Highest Fitness, Average Fitness, Population Size: 200
0 , 0.000000 , 0.000000 , 0
1 , 14.118316 , 1.600289 , 0
2 , 14.118316 , 6.612925 , 0
