Gen Num , Highest Fitness, Average Fitness, Population Size: 20
0 , 0.000000 , 0.000000 , 0
1 , 0.000000 , 0.000000 , 0
2 , 0.000000 , 0.000000 , 0
3 , 0.000000 , 0.000000 , 0
4 , 0.000000 , 0.000000 , 0
5 , 0.000000 , 0.000000 , 0
6 , 0.000000 , 0.000000 , 0
7 , 0.000000 , 0.000000 , 0
8 , 0.000000 , 0.000000 , 0
9 , 0.000000 , 0.000000 , 0
10 , 0.000000 , 0.000000 , 0
11 , 0.000000 , 0.000000 , 0
12 , 0.000000 , 0.000000 , 0
13 , 14.657765 , 0.732888 , 0
14 , 81.519791 , 14.157351 , 0
15 , 599.414368 , 116.751358 , 3
