Training Levels:,
Gen Num , Highest Fitness, Average Fitness, Population Size: 10
0 , 0.000000 , 0.000000 , 0
1 , 1.972885 , 0.569468 , 0
2 , 7.057290 , 1.703559 , 0
3 , 3.307290 , 0.989583 , 0
4 , 9.999991 , 3.256104 , 0
5 , 4.722221 , 1.952257 , 0
6 , 9.865449 , 2.905858 , 0
7 , 0.000000 , 0.000000 , 0
8 , 0.000000 , 0.000000 , 0
9 , 13.498131 , 7.147246 , 0
