Training Levels:,
Gen Num , Highest Fitness, Average Fitness, Population Size: 2
0 , 0.000000 , 0.000000 , 0
1 , 94.000000 , 84.500000 , 0
2 , 77.000000 , 70.000000 , 0
3 , 29.000000 , 27.000000 , 0
4 , 47.000004 , 26.000002 , 0
5 , 48.000000 , 44.500000 , 0
6 , 43.000000 , 43.000000 , 0
