Training Levels:,
Gen Num , Highest Fitness, Average Fitness, Population Size: 100
0 , 0.000000 , 0.000000 , 0
1 , 100.000000 , 16.721699 , 8
2 , 49.569164 , 13.320484 , 0
3 , 33.139324 , 11.959655 , 0
4 , 19.535961 , 8.511519 , 0
5 , 14.561160 , 6.413570 , 0
6 , 12.927885 , 6.243682 , 0
7 , 8.327123 , 4.129270 , 0
8 , 7.652471 , 2.178615 , 0
