Training Levels:,
Gen Num , Highest Fitness, Average Fitness, Population Size: 100
0 , 0.000000 , 0.000000 , 0
1 , 100.000000 , 4.077057 , 1
2 , 100.000000 , 7.813221 , 1
3 , 59.968498 , 7.840587 , 0
