Training Levels:,Resources/level/trainlevels/lvl-7,
Gen Num , Highest Fitness, Average Fitness, Population Size: 120
0 , 0.000000 , 0.000000 , 0
1 , 15.861758 , 1.116555 , 0
2 , 20.031052 , 4.381205 , 0
3 , 29.542974 , 6.147274 , 0
4 , 42.181976 , 9.667529 , 0
5 , 65.840927 , 12.258665 , 0
6 , 87.996109 , 14.674300 , 0
7 , 82.832237 , 14.925135 , 0
8 , 60.670830 , 15.150476 , 0
9 , 87.950447 , 15.178335 , 0
10 , 100.000000 , 22.851742 , 1
