Training Levels:,Resources/level/trainlevels/lvl-5,
Gen Num , Highest Fitness, Average Fitness, Population Size: 120
0 , 0.000000 , 0.000000 , 0
1 , 13.859653 , 1.484954 , 0
2 , 29.167410 , 7.683552 , 0
3 , 58.093025 , 10.712067 , 0
4 , 41.040630 , 12.525164 , 0
5 , 40.724716 , 14.171896 , 0
6 , 57.830257 , 15.885285 , 0
7 , 58.525753 , 19.709110 , 0
8 , 100.000000 , 24.318947 , 1
