Training Levels:,Resources/level/trainlevels/lvl-3,
Gen Num , Highest Fitness, Average Fitness, Population Size: 120
0 , 0.000000 , 0.000000 , 0
1 , 15.272834 , 2.288020 , 0
2 , 59.286171 , 7.490392 , 0
3 , 59.286171 , 8.588301 , 0
4 , 47.081814 , 8.193709 , 0
5 , 61.801666 , 12.078044 , 0
6 , 100.000000 , 19.780922 , 1
