Training Levels:,
Gen Num , Highest Fitness, Average Fitness, Population Size: 10
0 , 0.000000 , 0.000000 , 0
1 , 12.358215 , 4.301120 , 0
2 , 2.415821 , 1.017406 , 0
3 , 9.982899 , 8.492725 , 0
4 , 29.867495 , 20.799288 , 0
5 , 0.000000 , 0.000000 , 0
6 , 0.000000 , 0.000000 , 0
7 , 0.000000 , 0.000000 , 0
8 , 3.172742 , 1.586371 , 0
9 , 4.952253 , 0.495225 , 0
