Training Levels:,Resources/level/trainlevels/lvl-6,
Gen Num , Highest Fitness, Average Fitness, Population Size: 120
0 , 0.000000 , 0.000000 , 0
1 , 14.281477 , 1.110261 , 0
2 , 32.054951 , 3.034158 , 0
3 , 32.144348 , 4.405800 , 0
4 , 32.479603 , 7.193831 , 0
5 , 66.873688 , 7.725050 , 0
6 , 67.584663 , 7.695374 , 0
7 , 100.000000 , 19.114672 , 1
