Training Levels:,
Gen Num , Highest Fitness, Average Fitness, Population Size: 100
0 , 0.000000 , 0.000000 , 0
1 , 79.752808 , 16.428169 , 0
2 , 86.089760 , 38.244228 , 0
3 , 76.912697 , 32.596428 , 0
