Training Levels:,
Gen Num , Highest Fitness, Average Fitness, Population Size: 100
0 , 0.000000 , 0.000000 , 0
1 , 96.629608 , 14.104818 , 0
2 , 88.136139 , 44.568405 , 0
3 , 78.184769 , 38.929691 , 0
