Training Levels:,
Gen Num , Highest Fitness, Average Fitness, Population Size: 100
0 , 0.000000 , 0.000000 , 0
1 , 100.000000 , 11.121693 , 1
2 , 52.148438 , 6.194541 , 0
3 , 3.975111 , 1.951406 , 0
