Training Levels:,
Gen Num , Highest Fitness, Average Fitness, Population Size: 25
0 , 0.000000 , 0.000000 , 0
1 , 0.000000 , 0.000000 , 0
2 , 0.000000 , 0.000000 , 0
3 , 0.000000 , 0.000000 , 0
4 , 0.000000 , 0.000000 , 0
5 , 0.000000 , 0.000000 , 0
6 , 0.000000 , 0.000000 , 0
7 , 49.000000 , 12.250000 , 0
8 , 88.000000 , 78.791664 , 0
9 , 68.000000 , 55.166668 , 0
