Training Levels:,
Gen Num , Highest Fitness, Average Fitness, Population Size: 10
0 , 0.000000 , 0.000000 , 0
1 , 9.592013 , 2.200297 , 0
2 , 2.590604 , 0.519477 , 0
3 , 0.000000 , 0.000000 , 0
4 , 0.000000 , 0.000000 , 0
5 , 0.000000 , 0.000000 , 0
6 , 5.948895 , 4.160157 , 0
7 , 0.000000 , 0.000000 , 0
8 , 0.528973 , 0.476075 , 0
9 , 0.000000 , 0.000000 , 0
