Training Levels:,
Gen Num , Highest Fitness, Average Fitness, Population Size: 10
0 , 0.000000 , 0.000000 , 0
1 , 8.517797 , 0.851780 , 0
2 , 2.427845 , 0.560168 , 0
3 , 0.000000 , 0.000000 , 0
4 , 0.000000 , 0.000000 , 0
5 , 18.546553 , 8.093062 , 0
6 , 5.908205 , 5.317384 , 0
7 , 0.000000 , 0.000000 , 0
8 , 0.000000 , 0.000000 , 0
9 , 0.000000 , 0.000000 , 0
