Training Levels:,Resources/level/trainlevels/lvl-2,
Gen Num , Highest Fitness, Average Fitness, Population Size: 120
0 , 0.000000 , 0.000000 , 0
1 , 29.526054 , 1.587059 , 0
2 , 74.943222 , 10.735809 , 0
3 , 88.414345 , 19.392694 , 0
4 , 100.000000 , 29.346941 , 1
