Training Levels:,Resources/level/trainlevels/lvl-2,
Gen Num , Highest Fitness, Average Fitness, Population Size: 120
0 , 0.000000 , 0.000000 , 0
1 , 0.000000 , 0.000000 , 0
2 , 0.000000 , 0.000000 , 0
3 , 6.800420 , 0.056670 , 0
4 , 74.970459 , 5.437088 , 0
5 , 74.272446 , 12.443434 , 0
6 , 100.000000 , 18.507696 , 1
