Training Levels:,
Gen Num , Highest Fitness, Average Fitness, Population Size: 25
0 , 0.000000 , 0.000000 , 0
1 , 0.000000 , 0.000000 , 0
2 , 0.000000 , 0.000000 , 0
3 , 0.000000 , 0.000000 , 0
4 , 0.000000 , 0.000000 , 0
5 , 0.000000 , 0.000000 , 0
6 , 49.000000 , 2.041667 , 0
7 , 76.000000 , 58.333332 , 0
