Training Levels:,
Gen Num , Highest Fitness, Average Fitness, Population Size: 100
0 , 0.000000 , 0.000000 , 0
1 , 82.224045 , 17.796356 , 0
2 , 86.735199 , 51.155235 , 0
3 , 93.204109 , 51.164722 , 0
4 , 84.781197 , 47.162334 , 0
5 , 80.752686 , 43.422901 , 0
