Training Levels:,
Gen Num , Highest Fitness, Average Fitness, Population Size: 100
0 , 0.000000 , 0.000000 , 0
1 , 0.000000 , 0.000000 , 0
2 , 0.000000 , 0.000000 , 0
3 , 0.000000 , 0.000000 , 0
4 , 0.000000 , 0.000000 , 0
5 , 0.000000 , 0.000000 , 0
6 , 0.000000 , 0.000000 , 0
7 , 1.404703 , 0.026498 , 0
8 , 31.060989 , 1.840197 , 0
9 , 35.951534 , 9.962822 , 0
