Training Levels:,Resources/level/trainlevels/lvl-8,
Gen Num , Highest Fitness, Average Fitness, Population Size: 120
0 , 0.000000 , 0.000000 , 0
1 , 8.269035 , 0.565071 , 0
2 , 40.586079 , 5.785334 , 0
3 , 40.771450 , 8.342788 , 0
4 , 41.726322 , 13.531687 , 0
5 , 43.252571 , 13.503088 , 0
6 , 43.252571 , 19.297037 , 0
7 , 43.317604 , 21.419689 , 0
8 , 43.341629 , 21.695530 , 0
9 , 100.000000 , 25.066179 , 1
