Training Levels:,
Gen Num , Highest Fitness, Average Fitness, Population Size: 10
0 , 0.000000 , 0.000000 , 0
1 , 10.221356 , 2.044271 , 0
2 , 10.275609 , 3.071832 , 0
3 , 0.000000 , 0.000000 , 0
4 , 0.000000 , 0.000000 , 0
5 , 95.681709 , 9.568171 , 0
6 , 10.275609 , 6.489801 , 0
7 , 0.000000 , 0.000000 , 0
8 , 0.000000 , 0.000000 , 0
9 , 24.999998 , 12.068420 , 0
