Training Levels:,
Gen Num , Highest Fitness, Average Fitness, Population Size: 10
0 , 0.000000 , 0.000000 , 0
1 , 19.598379 , 3.663397 , 0
2 , 5.184427 , 1.093530 , 0
3 , 0.000000 , 0.000000 , 0
4 , 0.000000 , 0.000000 , 0
5 , 15.421559 , 11.856524 , 0
6 , 5.908205 , 3.544923 , 0
7 , 0.000000 , 0.000000 , 0
8 , 0.732422 , 0.410971 , 0
9 , 0.000000 , 0.000000 , 0
