Training Levels:,Resources/level/trainlevels/lvl-9,
Gen Num , Highest Fitness, Average Fitness, Population Size: 120
0 , 0.000000 , 0.000000 , 0
1 , 28.521421 , 1.383894 , 0
2 , 43.128494 , 13.064345 , 0
3 , 43.174694 , 19.578703 , 0
4 , 97.709534 , 26.853176 , 0
5 , 100.000000 , 35.996357 , 1
